nEvents,pulse_shift,pileup_shift,nSmpl,nFreq,amplitudeTruth,nPU,sigmaNoise,puFactor,pulse_tau,WFNAME,in_time_bx,avg_reco_amplitude,sigma_eff,sigma_eff_err
100,0.0,0.0,10,25.0,10.0,0.0,0.0,1.0,60.0,CRRC60,4,10.0,0.0,0.0
100,0.0,0.0,10,25.0,10.0,0.0,0.0,1.0,90.0,CRRC90,4,9.999999999999998,0.0,0.0
100,0.0,0.0,10,25.0,10.0,0.0,0.04399999976158142,1.0,60.0,CRRC60,4,9.989852804685272,0.02641738742150057,0.0018774019741692048
100,0.0,0.0,10,25.0,10.0,0.0,0.04399999976158142,1.0,90.0,CRRC90,4,9.990724312882064,0.024047670196782,0.001708993504212462
